context_len,triton (tflop/s),vllm-0.19.1 (tflop/s)
512.000000,0.035380,0.012150
1024.000000,0.051944,0.014940
2048.000000,0.024849,0.024833
4096.000000,0.061524,0.032274
8192.000000,0.191343,0.113882
16384.000000,0.366814,0.113417
