context_len,triton (tflop/s),vllm-0.19.1 (tflop/s)
512.000000,0.237931,0.060367
1024.000000,0.338548,0.125010
2048.000000,0.362018,0.124407
4096.000000,0.360157,0.383195
8192.000000,0.357335,0.202588
16384.000000,0.353456,0.360498
