context_len,triton (tflop/s),vllm-0.19.1 (tflop/s)
512.000000,1.617344,0.235731
1024.000000,2.111862,0.254387
2048.000000,2.915657,0.423771
4096.000000,4.340284,0.472936
8192.000000,4.706073,0.932228
16384.000000,4.600324,1.112121
