context_len,triton (tflop/s),vllm-0.19.1 (tflop/s)
512.000000,0.661041,0.166899
1024.000000,1.565495,0.281375
2048.000000,5.423271,0.306587
4096.000000,2.422543,0.555913
8192.000000,4.982932,0.324276
16384.000000,5.164082,0.489663
