context_len,triton (tflop/s),vllm-0.19.1 (tflop/s)
512.000000,0.124576,0.084755
1024.000000,0.964618,0.354161
2048.000000,4.147993,0.570729
4096.000000,1.282664,0.971117
8192.000000,3.348810,1.542589
16384.000000,5.130671,0.500548
