context_len,triton (tflop/s),vllm-0.19.1 (tflop/s)
512.000000,0.233001,0.100898
1024.000000,0.320812,0.129421
2048.000000,0.319712,0.158419
4096.000000,0.319603,0.180884
8192.000000,0.317767,0.381173
16384.000000,0.291517,0.300169
