context_len,triton (tflop/s),vllm-0.19.1 (tflop/s)
512.000000,0.715477,0.238924
1024.000000,3.436141,0.525378
2048.000000,5.884425,0.712289
4096.000000,5.233961,0.668202
8192.000000,5.120502,0.725188
16384.000000,5.004232,0.691943
