context_len,triton (tflop/s),vllm-0.19.1 (tflop/s)
512.000000,0.365250,0.183560
1024.000000,0.356799,0.237400
2048.000000,0.363051,0.155816
4096.000000,0.360723,0.284538
8192.000000,0.346710,0.515924
16384.000000,0.298697,0.513832
