context_len,triton (tflop/s),vllm-0.19.1 (tflop/s)
512.000000,0.152745,0.060125
1024.000000,0.318538,0.119255
2048.000000,0.317314,0.118427
4096.000000,0.318498,0.245842
8192.000000,0.316650,0.193861
16384.000000,0.315004,0.308862
