context_len,triton (tflop/s),vllm-0.19.1 (tflop/s)
512.000000,0.363772,0.410075
1024.000000,0.359866,0.391025
2048.000000,0.345493,0.225050
4096.000000,0.364004,0.569965
8192.000000,0.344592,0.507660
16384.000000,0.307102,0.644670
