context_len,triton (tflop/s),vllm-0.19.1 (tflop/s)
512.000000,0.015993,0.014634
1024.000000,0.056741,0.025376
2048.000000,0.041595,0.037703
4096.000000,0.104831,0.054253
8192.000000,0.111584,0.071415
16384.000000,0.344407,0.138416
