context_len,triton (tflop/s),vllm-0.19.1 (tflop/s)
512.000000,0.222551,0.049323
1024.000000,0.319165,0.049998
2048.000000,0.319467,0.046733
4096.000000,0.319607,0.184261
8192.000000,0.316835,0.418503
16384.000000,0.306230,0.586747
