context_len,triton (tflop/s),vllm-0.19.1 (tflop/s)
512.000000,4.987275,0.541156
1024.000000,6.117670,0.393536
2048.000000,5.933300,0.468377
4096.000000,5.239196,0.650255
8192.000000,5.130451,0.961558
16384.000000,4.975255,0.955074
