context_len,triton (tflop/s),vllm-0.19.1 (tflop/s)
512.000000,0.023313,0.013794
1024.000000,0.040917,0.022421
2048.000000,0.050255,0.043255
4096.000000,0.099576,0.078161
8192.000000,0.262610,0.360288
16384.000000,0.324341,0.121481
