context_len,triton (tflop/s),vllm-0.19.1 (tflop/s)
512.000000,0.491983,0.150965
1024.000000,0.996196,0.338538
2048.000000,2.474399,0.407874
4096.000000,1.822224,1.242422
8192.000000,4.855356,0.928872
16384.000000,4.705748,0.893396
