context_len,triton (tflop/s),vllm-0.19.1 (tflop/s)
512.000000,0.638225,0.162717
1024.000000,1.143773,0.329331
2048.000000,2.931927,0.538744
4096.000000,4.545422,0.457809
8192.000000,4.718268,1.252237
16384.000000,4.351227,1.085114
