context_len,triton (tflop/s),vllm-0.19.1 (tflop/s)
512.000000,0.060845,0.003824
1024.000000,0.019588,0.007155
2048.000000,0.031242,0.025108
4096.000000,0.043058,0.028562
8192.000000,0.157089,0.062117
16384.000000,0.373138,0.678906
