context_len,triton (tflop/s),vllm-0.19.1 (tflop/s)
512.000000,6.537090,0.581151
1024.000000,6.034436,0.920943
2048.000000,5.774429,0.661662
4096.000000,4.993331,0.945799
8192.000000,4.986648,0.818376
16384.000000,4.886093,0.554784
