context_len,triton (tflop/s),vllm-0.19.1 (tflop/s)
512.000000,0.020711,0.060988
1024.000000,0.063479,0.030600
2048.000000,0.055919,0.030078
4096.000000,0.085480,0.082764
8192.000000,0.271550,0.062748
16384.000000,0.228311,0.067578
