context_len,triton (tflop/s),vllm-0.19.1 (tflop/s)
512.000000,0.282599,0.162473
1024.000000,0.398303,0.147447
2048.000000,1.065505,0.192299
4096.000000,0.825298,0.504830
8192.000000,4.482843,0.466022
16384.000000,4.463255,0.464470
