context_len,triton (tflop/s),vllm-0.19.1 (tflop/s)
512.000000,0.072966,0.016339
1024.000000,0.067129,0.022987
2048.000000,0.097955,0.025625
4096.000000,0.110507,0.090718
8192.000000,0.310410,0.223215
16384.000000,0.360360,0.157466
