context_len,triton (tflop/s),vllm-0.19.1 (tflop/s)
512.000000,0.005353,0.004619
1024.000000,0.077736,0.012997
2048.000000,0.046611,0.042950
4096.000000,0.161250,0.080364
8192.000000,0.114440,0.155400
16384.000000,0.262093,0.091061
