context_len,triton (tflop/s),vllm-0.19.1 (tflop/s)
512.000000,0.015690,0.018796
1024.000000,0.094348,0.034912
2048.000000,0.093965,0.036229
4096.000000,0.120930,0.118742
8192.000000,0.334750,0.271976
16384.000000,0.239437,0.129489
