context_len,triton (tflop/s),vllm-0.19.1 (tflop/s)
512.000000,0.359702,0.122749
1024.000000,0.355477,0.139614
2048.000000,0.352830,0.196352
4096.000000,0.351965,0.246403
8192.000000,0.335657,0.462946
16384.000000,0.350645,0.552773
