context_len,triton (tflop/s),vllm-0.19.1 (tflop/s)
512.000000,2.142441,0.443094
1024.000000,2.737072,0.599105
2048.000000,4.775259,0.768703
4096.000000,4.156675,1.226918
8192.000000,3.901731,1.224147
16384.000000,3.911493,1.355635
