context_len,triton (tflop/s),vllm-0.19.1 (tflop/s)
512.000000,1.101300,0.300841
1024.000000,1.870074,0.760686
2048.000000,3.205758,1.103217
4096.000000,4.353113,1.036803
8192.000000,4.170211,1.121908
16384.000000,3.892626,0.690005
