context_len,triton (tflop/s),vllm-0.19.1 (tflop/s)
512.000000,0.005146,0.001995
1024.000000,0.019592,0.019103
2048.000000,0.016035,0.010931
4096.000000,0.064012,0.044409
8192.000000,0.134962,0.111538
16384.000000,0.410057,0.329831
