context_len,triton (tflop/s),vllm-0.19.1 (tflop/s)
512.000000,0.010822,0.002807
1024.000000,0.019242,0.016791
2048.000000,0.048776,0.027947
4096.000000,0.084988,0.033513
8192.000000,0.073203,0.044580
16384.000000,0.316190,0.199908
