context_len,triton (tflop/s),vllm-0.19.1 (tflop/s)
512.000000,0.371414,0.140630
1024.000000,0.368519,0.384589
2048.000000,0.341798,0.245426
4096.000000,0.356823,0.154487
8192.000000,0.357763,0.436089
16384.000000,0.341839,0.433115
