context_len,triton (tflop/s),vllm-0.19.1 (tflop/s)
512.000000,0.023525,0.012411
1024.000000,0.031229,0.014675
2048.000000,0.045725,0.064627
4096.000000,0.285779,0.033893
8192.000000,0.092152,0.058364
16384.000000,0.149865,0.066319
