context_len,triton (tflop/s),vllm-0.19.1 (tflop/s)
512.000000,0.665642,0.210221
1024.000000,0.963604,0.276651
2048.000000,2.691713,0.482878
4096.000000,1.896158,0.482579
8192.000000,4.922164,0.355389
16384.000000,4.911383,0.800066
