context_len,triton (tflop/s),vllm-0.19.1 (tflop/s)
512.000000,0.302981,0.107347
1024.000000,0.389253,0.203192
2048.000000,0.590717,0.161923
4096.000000,0.711258,0.282100
8192.000000,2.548357,0.305848
16384.000000,4.060449,0.304879
