context_len,triton (tflop/s),vllm-0.19.1 (tflop/s)
512.000000,0.010256,0.003551
1024.000000,0.016965,0.010423
2048.000000,0.020779,0.024151
4096.000000,0.164566,0.036975
8192.000000,0.263903,0.105443
16384.000000,0.225480,0.085443
