context_len,triton (tflop/s),vllm-0.19.1 (tflop/s)
512.000000,0.362049,0.125431
1024.000000,0.354422,0.278218
2048.000000,0.355012,0.312505
4096.000000,0.352485,0.161451
8192.000000,0.353468,0.387857
16384.000000,0.344197,0.353290
