context_len,triton (tflop/s),vllm-0.19.1 (tflop/s)
512.000000,0.375805,0.323499
1024.000000,0.366719,0.338054
2048.000000,0.369568,0.271277
4096.000000,0.361309,0.550797
8192.000000,0.362341,0.471535
16384.000000,0.358748,0.508740
