context_len,triton (tflop/s),vllm-0.19.1 (tflop/s)
512.000000,1.064743,0.163584
1024.000000,6.189441,0.284341
2048.000000,1.067692,0.387439
4096.000000,4.283190,0.288470
8192.000000,2.859553,0.499396
16384.000000,4.678451,0.894747
