context_len,triton (tflop/s),vllm-0.19.1 (tflop/s)
512.000000,1.056401,0.207343
1024.000000,1.514203,0.366971
2048.000000,5.256020,0.621045
4096.000000,2.482080,0.373562
8192.000000,1.379788,0.464476
16384.000000,4.367985,0.554499
