context_len,triton (tflop/s),vllm-0.19.1 (tflop/s)
512.000000,0.171564,0.046282
1024.000000,0.315119,0.106383
2048.000000,0.296858,0.150779
4096.000000,0.315518,0.171995
8192.000000,0.316434,0.205572
16384.000000,0.316999,0.411996
