context_len,triton (tflop/s),vllm-0.19.1 (tflop/s)
512.000000,0.356858,0.079668
1024.000000,0.351894,0.108705
2048.000000,0.346051,0.160624
4096.000000,0.354285,0.275775
8192.000000,0.355058,0.406791
16384.000000,0.355591,0.570646
