context_len,triton (tflop/s),vllm-0.19.1 (tflop/s)
512.000000,0.359241,0.458173
1024.000000,0.358581,0.373778
2048.000000,0.355662,0.196910
4096.000000,0.350032,0.346897
8192.000000,0.329995,0.497168
16384.000000,0.300984,0.606296
