context_len,triton (tflop/s),vllm-0.19.1 (tflop/s)
512.000000,0.360895,0.334871
1024.000000,0.357722,0.310394
2048.000000,0.358846,0.350564
4096.000000,0.357483,0.477558
8192.000000,0.356549,0.542180
16384.000000,0.297322,0.639266
