context_len,triton (tflop/s),vllm-0.19.1 (tflop/s)
512.000000,0.069337,0.008975
1024.000000,0.077663,0.032675
2048.000000,0.047812,0.061609
4096.000000,0.075225,0.037701
8192.000000,0.131281,0.081237
16384.000000,0.197282,0.062025
