context_len,triton (tflop/s),vllm-0.19.1 (tflop/s)
512.000000,0.358424,0.112858
1024.000000,0.352289,0.228569
2048.000000,0.352777,0.361190
4096.000000,0.363600,0.418503
8192.000000,0.359787,0.469516
16384.000000,0.356051,0.407925
