context_len,triton (tflop/s),vllm-0.19.1 (tflop/s)
512.000000,0.374461,0.105496
1024.000000,0.364653,0.063037
2048.000000,0.361758,0.245962
4096.000000,0.351162,0.261208
8192.000000,0.352757,0.304133
16384.000000,0.353456,0.399546
