context_len,triton (tflop/s),vllm-0.19.1 (tflop/s)
512.000000,0.021127,0.007648
1024.000000,0.037045,0.015593
2048.000000,0.049056,0.034500
4096.000000,0.187439,0.174941
8192.000000,0.360830,0.184912
16384.000000,0.678537,0.195652
