context_len,triton (tflop/s),vllm-0.19.1 (tflop/s)
512.000000,0.168735,0.197899
1024.000000,0.796602,0.386641
2048.000000,5.200613,0.963057
4096.000000,4.643909,0.509570
8192.000000,4.888445,0.695980
16384.000000,4.759069,0.799308
