context_len,triton (tflop/s),vllm-0.19.1 (tflop/s)
512.000000,0.058035,0.013332
1024.000000,0.048242,0.027116
2048.000000,0.069331,0.087421
4096.000000,0.107978,0.051441
8192.000000,0.190142,0.107034
16384.000000,0.195753,0.084818
