context_len,triton (tflop/s),vllm-0.19.1 (tflop/s)
512.000000,0.013601,0.009059
1024.000000,0.029230,0.007923
2048.000000,0.030022,0.017208
4096.000000,0.054291,0.038072
8192.000000,0.216478,0.084654
16384.000000,0.151981,0.133907
